<?xml version="1.0" encoding="ISO-8859-1"?>
<xs:schema xmlns:xs="http://www.w3.org/2001/XMLSchema">
	<xs:element name="library">
		<xs:complexType>
			<xs:sequence>
				<xs:element name="book" maxOccurs="unbounded">
					<xs:complexType>
						<xs:sequence>
							<xs:element name="Title">
								<xs:simpleType>
									<xs:restriction base="xs.string">
										<xs:pattern value="[A-Za-z\s]{3,}"/>
									</xs:restriction>
								</xs:simpleType>
							</xs:element>
							<xs:element name="Author">
								<xs:simpleType>
									<xs:restriction base="xs.string">
										<xs:pattern value="[A-Za-z\s]{3,}"/>
									</xs:restriction>
								</xs:simpleType>
							</xs:element>
							<xs:element name="Publisher">
								<xs:simpleType>
									<xs:restriction base="xs.string">
										<xs:pattern value="[A-Za-z\s]{3,}"/>
									</xs:restriction>
								</xs:simpleType>
							</xs:element>
							<xs:element name="Cover cover_type">
								<xs:simpleType>
									<xs:restriction base="xs.string">
										<xs:pattern value="[A-Za-z\s]{3,}"/>
									</xs:restriction>
								</xs:simpleType>
							</xs:element>
							<xs:element name="Category cat_type">
								<xs:simpleType>
									<xs:restriction base="xs.string">
										<xs:pattern value="[A-Za-z\s]{3,}"/>
									</xs:restriction>
								</xs:simpleType>
							</xs:element>
							<xs:element name="ISBN isbn_num">
								<xs:simpleType>
									<xs:restriction base="xs.string">
										<xs:pattern value="[A-Za-z\s]{3,}[0,9]{5}"/>
									</xs:restriction>
								</xs:simpleType>
							</xs:element>
							<xs:element name="Rating rate_Val">
								<xs:simpleType>
									<xs:restriction base="xs.int">
										<xs:pattern value="[0,9]"/>
									</xs:restriction>
								</xs:simpleType>
							</xs:element>
							<xs:element name="Price">
								<xs:simpleType>
									<xs:restriction base="xs.float">
										<xs:pattern value="[0,9]"/>
									</xs:restriction>
								</xs:simpleType>
							</xs:element>
							<xs:element name="Comments">
								<xs:simpleType>
									<xs:restriction base="xs.string">
										<xs:pattern value="[A-Za-z\s]{3,}"/>
									</xs:restriction>
								</xs:simpleType>
							</xs:element>
						</xs:sequence>
					</xs:complexType>
				</xs:element>
			</xs:sequence>
		</xs:complexType>
	</xs:element>
</xs:schema>
	
	
	
	
	
	
	