<?xml version="1.0" encoding="UTF-8"?>
<email xmlns:xs="http://www.w3.org/2001/XMLSchema-instance" 
xs:noNamespaceSchemaLocation="1.2.xsd">

	<emailDetails>
					<To>Subhojit@capgemini.com</To>
					<From>Deepneel@capgemini.com</From>
					<CC>Arnab@capgemini.com</CC>
					<BCC>Parth@capgemini.com</BCC>
					<Subject>Leave Request</Subject>
					<Body>Leave required on 29.09.2017</Body>
	</emailDetails>	
	<emailDetails>
					<To>Ghosh@capgemini.com</To>
					<From>Mukherjee@capgemini.com</From>
					<CC>Sarkar@capgemini.com</CC>
					<BCC>Patel@capgemini.com</BCC>
					<Subject>Timecard Fillup</Subject>
					<Body>Timecard fillup should be done by 30.09.2017</Body>
	</emailDetails>
</email>	