<?xml version="1.0" encoding="UTF-8"?>
	<employee>
			<employee_details>
						<Employee_code>1111</Employee_code>
						<Employee_Name>
								<First_Name>Seema</First_Name>
								<Last_Name>Dalvi</Last_Name>
						</Employee_Name>
						<DOJ>09/08/97</DOJ>
						<Total_Experience>12</Total_Experience>
						<Department>
								<Unit>3d</Unit>
								<loc>Mumbai</loc>
						</Department>
						<Designation>
								<One></One>
								<two></two>
								<three></three>
								<four>*</four>
								<five></five>
						</Designation>
						<Sal>21000</Sal>	
						<Grade>
								<a></a>
								<b>*</b>
								<c></c>
								<d></d>
						</Grade>
			</employee_details>	
			<employee_details>
						<Employee_code>222</Employee_code>
						<Employee_Name>
								<First_Name>Bharti</First_Name>
								<Last_Name>Mantri</Last_Name>
						</Employee_Name>
						<DOJ>12/01/99</DOJ>
						<Total_Experience>5</Total_Experience>
						<Department>
								<Unit>4a</Unit>
								<loc>Pune</loc>
						</Department>
						<Designation>
								<One></One>
								<two>*</two>
								<three></three>
								<four></four>
								<five></five>
						</Designation>
						<Sal>12000</Sal>	
						<Grade>
								<a>*</a>
								<b></b>
								<c></c>
								<d></d>
						</Grade>
			</employee_details>	
	</employee>		