<?xml version="1.0" encoding="utf-8"?>
<EmployeeDetails>
	<employee>
		<employee_code>1111</employee_code>
		<employee_name>
			<firstname>Seema</firstname>
			<lastname>Dalvi</lastname>
		</employee_name>
		<doj>09/08/97</doj>
		<total_experience>12</total_experience>
		<department>
			<unit>3d</unit>
			<loc>Mumbai</loc>
		</department>
		<designation>
			<_1></_1>
			<_2></_2>
			<_3></_3>
			<_4>*</_4>
			<_5></_5>
		</designation>
		<sal>21000</sal>
		<grade>
			<a> </a>
			<b>*</b>
			<c> </c>
			<d> </d>
		</grade>
	</employee>
	
	<employee>
		<employee_code>222</employee_code>
		<employee_name>
			<firstname>Bharati</firstname>
			<lastname>Mantri</lastname>
		</employee_name>
		<doj>12/01/99</doj>
		<total_experience>5</total_experience>
		<department>
			<unit>4a</unit>
			<loc>Pune</loc>
		</department>
		<designation>
			<_1></_1>
			<_2>*</_2>
			<_3></_3>
			<_4></_4>
			<_5></_5>
		</designation>
		<sal>12000</sal>
		<grade>
			<a>*</a>
			<b> </b>
			<c> </c>
			<d> </d>
		</grade>
	</employee>
</EmployeeDetails>