<?xml version="1.0" encoding="utf-8"?>
<EmployeeDetails>
	<employee>
	<empno>7369</empno>
	<ename>SMITH</ename>
	<job>CLERK</job>
	<mgr>7902</mgr>
	<hiredate>17-DEC-80</hiredate>
	<sal>1100</sal>
	<comm>200</comm>
	<deptno>20</deptno>
	</employee>
	
	<employee>
	<empno>7499</empno>
	<ename>ALLEN</ename>
	<job>SALESMAN</job>
	<mgr>7698</mgr>
	<hiredate>20-FEB-81</hiredate>
	<sal>1600</sal>
	<comm>24820</comm>
	<deptno>30</deptno>
	</employee>
	
	<employee>
	<empno>7521</empno>
	<ename>WARD</ename>
	<job>SALESMAN</job>
	<mgr>7902</mgr>
	<hiredate>22-FEB-81</hiredate>
	<sal>1375</sal>
	<comm>19700</comm>
	<deptno>30</deptno>
	</employee>
	
	<employee>
	<empno>7566</empno>
	<ename>JONES</ename>
	<job>MANAGER</job>
	<mgr>7839</mgr>
	<hiredate>02-APR-81</hiredate>
	<sal>3175</sal>
	<comm></comm>
	<deptno>20</deptno>
	</employee>

	<employee>
	<empno>7654</empno>
	<ename>MARTIN</ename>
	<job>SALESMAN</job>
	<mgr>7698</mgr>
	<hiredate>28-SEP-81</hiredate>
	<sal>1375</sal>
	<comm>20600</comm>
	<deptno>30</deptno>
	</employee>
	
	<employee>
	<empno>7698</empno>
	<ename>BLAKE</ename>
	<job>MANAGER</job>
	<mgr>7839</mgr>
	<hiredate>01-MAY-81</hiredate>
	<sal>2850</sal>
	<comm></comm>
	<deptno>30</deptno>
	</employee>
	
	<employee>
	<empno>7782</empno>
	<ename>CLARK</ename>
	<job>MANAGER</job>
	<mgr>7839</mgr>
	<hiredate>09-JUN-81</hiredate>
	<sal>2450</sal>
	<comm></comm>
	<deptno>10</deptno>
	</employee>

</EmployeeDetails>