<?xml version="1.0" encoding="UTF-8"?>
<employee_details xmlns:xs="http://www.w3.org/2001/XMLSchema-instance" 
xs:noNamespaceSchemaLocation="1.4.xsd">

		<employee>
			<EMPNO>7369</EMPNO>
			<ENAME>SMITH</ENAME>
			<JOB>CLERK</JOB>
			<MGR>7902</MGR>
			<HIREDATE>1980-12-17</HIREDATE>
			<SAL>1100</SAL>
			<COMM>200</COMM>
			<DEPTNO>20</DEPTNO>
		</employee>	
		<employee>
			<EMPNO>7499</EMPNO>
			<ENAME>ALLEN</ENAME>
			<JOB>SALESMAN</JOB>
			<MGR>7698</MGR>
			<HIREDATE>1981-02-20</HIREDATE>
			<SAL>160000</SAL>
			<COMM>2482020</COMM>
			<DEPTNO>30</DEPTNO>
		</employee>	
		<employee>
			<EMPNO>7521</EMPNO>
			<ENAME>WARD</ENAME>
			<JOB>SALESMAN</JOB>
			<MGR>7698</MGR>
			<HIREDATE>1981-02-22</HIREDATE>
			<SAL>1375</SAL>
			<COMM>19700</COMM>
			<DEPTNO>30</DEPTNO>
		</employee>
		<employee>
			<EMPNO>7566</EMPNO>
			<ENAME>JONES</ENAME>
			<JOB>MANAGER</JOB>
			<MGR>7839</MGR>
			<HIREDATE>1981-04-02</HIREDATE>
			<SAL>3175</SAL>
			<COMM></COMM>
			<DEPTNO>20</DEPTNO>
		</employee>	
		<employee>
			<EMPNO>7654</EMPNO>
			<ENAME>MARTIN</ENAME>
			<JOB>SALESMAN</JOB>
			<MGR>7698</MGR>
			<HIREDATE>1981-09-28</HIREDATE>
			<SAL>1375</SAL>
			<COMM>20600</COMM>
			<DEPTNO>30</DEPTNO>
		</employee>	
		<employee>
			<EMPNO>7698</EMPNO>
			<ENAME>BLAKE</ENAME>
			<JOB>MANAGER</JOB>
			<MGR>7839</MGR>
			<HIREDATE>1981-05-01</HIREDATE>
			<SAL>2850</SAL>
			<COMM></COMM>
			<DEPTNO>30</DEPTNO>
		</employee>	
		<employee>
			<EMPNO>7782</EMPNO>
			<ENAME>CLARK</ENAME>
			<JOB>MANAGER</JOB>
			<MGR>7839</MGR>
			<HIREDATE>1981-06-09</HIREDATE>
			<SAL>2450</SAL>
			<COMM></COMM>
			<DEPTNO>10</DEPTNO>
		</employee>	
		<employee>
			<EMPNO>7788</EMPNO>
			<ENAME>SCOTT</ENAME>
			<JOB>ANALYST</JOB>
			<MGR>7566</MGR>
			<HIREDATE>1987-04-19</HIREDATE>
			<SAL>2000</SAL>
			<COMM></COMM>
			<DEPTNO>20</DEPTNO>
		</employee>	
		<employee>
			<EMPNO>7839</EMPNO>
			<ENAME>KING</ENAME>
			<JOB>PRESIDENT</JOB>
			<MGR>7566</MGR>
			<HIREDATE>1981-11-17</HIREDATE>
			<SAL>5000</SAL>
			<COMM></COMM>
			<DEPTNO>10</DEPTNO>
		</employee>
		<employee>
			<EMPNO>7844</EMPNO>
			<ENAME>TURNER</ENAME>
			<JOB>SALESMAN</JOB>
			<MGR>7698</MGR>
			<HIREDATE>1981-09-08</HIREDATE>
			<SAL>1650</SAL>
			<COMM>23000</COMM>
			<DEPTNO>30</DEPTNO>
		</employee>
		<employee>
			<EMPNO>876</EMPNO>
			<ENAME>ADAMS</ENAME>
			<JOB>CLERK</JOB>
			<MGR>7788</MGR>
			<HIREDATE>1987-05-23</HIREDATE>
			<SAL>1430</SAL>
			<COMM>200</COMM>
			<DEPTNO>20</DEPTNO>
		</employee>
		<employee>
			<EMPNO>7900</EMPNO>
			<ENAME>JAMES</ENAME>
			<JOB>CLERK</JOB>
			<MGR>7698</MGR>
			<HIREDATE>1981-12-03</HIREDATE>
			<SAL>1045</SAL>
			<COMM>200</COMM>
			<DEPTNO>30</DEPTNO>
		</employee>
		<employee>
			<EMPNO>7902</EMPNO>
			<ENAME>FORD</ENAME>
			<JOB>ANALYST</JOB>
			<MGR>7566</MGR>
			<HIREDATE>1981-12-03</HIREDATE>
			<SAL>3200</SAL>
			<COMM></COMM>
			<DEPTNO>20</DEPTNO>
		</employee>
	</employee_details>	